week,group,metric,value
09월 1주차,EV01,UV,531
09월 1주차,EV01,거래액,5963072
09월 1주차,EV01,구매고객,19
09월 1주차,EV01,타겟,13735
09월 1주차,라이브,UV,658
09월 1주차,라이브,거래액,8090400
09월 1주차,라이브,구매고객,16
09월 1주차,라이브,타겟,8049
09월 1주차,캠페인전체,UV,3546
09월 1주차,캠페인전체,거래액,32956817
09월 1주차,캠페인전체,구매고객,106
09월 1주차,캠페인전체,타겟,70169
09월 2주차,EV01,UV,1771
09월 2주차,EV01,거래액,13744562
09월 2주차,EV01,구매고객,48
09월 2주차,EV01,타겟,28298
09월 2주차,캠페인전체,UV,2591
09월 2주차,캠페인전체,거래액,16711527
09월 2주차,캠페인전체,구매고객,72
09월 2주차,캠페인전체,타겟,43215
09월 3주차,EV01,UV,2035
09월 3주차,EV01,거래액,13917481
09월 3주차,EV01,구매고객,53
09월 3주차,EV01,타겟,35266
09월 3주차,라이브,UV,292
09월 3주차,라이브,거래액,1323136
09월 3주차,라이브,구매고객,6
09월 3주차,라이브,타겟,4060
09월 3주차,캠페인전체,UV,5454
09월 3주차,캠페인전체,거래액,47271298
09월 3주차,캠페인전체,구매고객,177
09월 3주차,캠페인전체,타겟,86540
09월 4주차,EV01,UV,2218
09월 4주차,EV01,거래액,13662843
09월 4주차,EV01,구매고객,57
09월 4주차,EV01,타겟,36046
09월 4주차,캠페인전체,UV,5328
09월 4주차,캠페인전체,거래액,32230444
09월 4주차,캠페인전체,구매고객,119
09월 4주차,캠페인전체,타겟,88432
10월 1주차,EV01,UV,2323
10월 1주차,EV01,거래액,9730827
10월 1주차,EV01,구매고객,54
10월 1주차,EV01,타겟,38124
10월 1주차,캠페인전체,UV,4443
10월 1주차,캠페인전체,거래액,27679972
10월 1주차,캠페인전체,구매고객,115
10월 1주차,캠페인전체,타겟,76864
10월 2주차,EV01,UV,410
10월 2주차,EV01,거래액,2962045
10월 2주차,EV01,구매고객,11
10월 2주차,EV01,타겟,6253
10월 2주차,캠페인전체,UV,463
10월 2주차,캠페인전체,거래액,2988772
10월 2주차,캠페인전체,구매고객,12
10월 2주차,캠페인전체,타겟,8101
